Time,Status,Duration(sec),Jobs,Telegram,sources
2026-07-14 02:26:37,SUCCESS,40.96,114,Yes,Remotive
2026-07-14 03:20:40,SUCCESS,18.12,76,Yes,Remotive
2026-07-14 03:34:17,SUCCESS,62.06,0,No,Remotive
2026-07-14 03:39:54,SUCCESS,27.72,38,Yes,Remotive
2026-07-14 10:07:52,SUCCESS,7.14,114,Yes,Remotive
2026-07-14 11:09:06,SUCCESS,6.91,114,Yes,Remotive
2026-07-14 11:10:02,SUCCESS,6.63,38,Yes,Remotive
2026-07-14 11:25:44,SUCCESS,24.59,38,Yes,Remotive
2026-07-14 12:10:08,SUCCESS,25.1,38,Yes,Remotive
2026-07-14 12:30:52,SUCCESS,25.14,38,Yes,Remotive
2026-07-14 12:44:38,SUCCESS,25.97,38,Yes,Remotive
2026-07-14 12:46:29,SUCCESS,25.62,38,Yes,Remotive
2026-07-14 12:52:54,SUCCESS,25.14,38,Yes,Remotive
2026-07-14 12:54:00,SUCCESS,39.75,38,Yes,Remotive
2026-07-14 12:58:59,SUCCESS,25.35,38,Yes,Remotive
2026-07-14 06:42:55,SUCCESS,13.15,38,Yes,Remotive
2026-07-15 08:18:04,SUCCESS,13.35,39,Yes,Remotive
2026-07-16 08:18:42,SUCCESS,13.21,38,Yes,Remotive
2026-07-17 08:14:14,SUCCESS,13.72,39,Yes,Remotive
2026-07-18 07:55:42,SUCCESS,13.2,41,Yes,Remotive
2026-07-19 08:23:34,SUCCESS,13.27,42,Yes,Remotive
2026-07-20 09:19:46,SUCCESS,13.07,42,Yes,Remotive
2026-07-21 08:33:38,SUCCESS,13.12,42,Yes,Remotive
2026-07-22 08:33:12,SUCCESS,13.21,41,Yes,Remotive
2026-07-23 08:34:49,SUCCESS,13.04,35,Yes,Remotive
2026-07-24 08:31:12,SUCCESS,13.55,36,Yes,Remotive
2026-07-25 08:09:55,SUCCESS,13.33,35,Yes,Remotive
2026-07-26 08:30:16,SUCCESS,13.18,38,Yes,Remotive
2026-07-27 09:56:55,SUCCESS,13.92,37,Yes,Remotive
2026-07-28 08:38:07,SUCCESS,13.09,36,Yes,Remotive
2026-07-29 08:45:03,SUCCESS,13.21,36,Yes,Remotive
2026-07-30 08:30:53,SUCCESS,13.24,35,Yes,Remotive
2026-07-31 08:53:21,SUCCESS,13.21,35,Yes,Remotive
2026-08-01 08:24:46,SUCCESS,13.62,34,Yes,Remotive
2026-08-02 08:27:39,SUCCESS,14.16,34,Yes,Remotive
2026-08-03 09:51:05,SUCCESS,13.05,33,Yes,Remotive
2026-08-04 08:41:17,SUCCESS,13.52,31,Yes,Remotive
2026-08-05 08:39:48,SUCCESS,13.4,32,Yes,Remotive
2026-08-06 08:40:32,SUCCESS,13.32,31,Yes,Remotive
